,time,summary
0,2025-11-03 17:27:56,"Maya finds a locked box in her grandmother’s attic. She can’t open it until she spots a photo of her grandmother holding the same box and a key‑charm necklace. Using the key, Maya reads wartime letters from her grandfather, discovering that the true treasure is the family’s legacy of love and resilience."
1,2025-11-03 17:18:42,"**Summary**

Shaveta’s 2023 review gives a concise snapshot of machine‑learning (ML), a subfield of artificial intelligence that lets computers learn from data without explicit programming. The paper:

- **Defines ML** as algorithms that build predictive models from training data, improving with more examples.
- **Highlights applications** in recommendation engines, email filtering, image/speech recognition, autonomous vehicles, fraud detection, etc.
- **Classifies ML approaches** into:
  1. **Supervised learning** – labeled data; key tasks: classification (e.g., spam detection) and regression (e.g., forecasting).
  2. **Unsupervised learning** – unlabeled data; aims to reveal hidden structure via clustering and association‑rule mining.
  3. **Reinforcement learning** – agent learns by trial‑and‑error, receiving rewards/penalties.
- **Lists prominent programming languages** used in ML, with Python topping due to ease of use, rich libraries, and data‑science ecosystem; also mentions R (statistical strengths), Java (enterprise integration), Julia (high‑performance computing), and Lisp (historical AI niche).
- **Discusses future directions**, noting the need for hybrid AI that merges learning‑based models with symbolic, rule‑based systems to mitigate black‑box issues and improve interpretability.
- **Concludes** that ML is transforming industries by extracting actionable insights from massive datasets, enabling data‑driven decisions, automation, and improved customer experiences.

The review underscores ML’s rapid expansion, its critical role in modern AI, and the ongoing efforts to enhance transparency, performance, and usability."
2,2025-11-03 17:07:22,"**Concise Summary**

- **Scope & Definition**  
  *Machine learning (ML)* is a branch of AI that lets computers learn patterns from data instead of relying on pre‑written rules. It builds predictive models from past observations, improving as more data become available.

- **Main ML Paradigms**  
  1. **Supervised Learning** – Learns from labeled data; tasks include **classification** (e.g., spam detection) and **regression** (e.g., forecasting).  
  2. **Unsupervised Learning** – Finds hidden structure in unlabeled data; main techniques are **clustering** and **association rules** (e.g., market‑basket analysis).  
  3. **Reinforcement Learning** – An agent optimizes actions through reward/penalty feedback (e.g., robotic control, game playing).  

- **Programming Languages**  
  - **Python** – Most popular, rich libraries, fast iteration.  
  - **R** – Strength in advanced statistics and data visualization.  
  - **Java / JavaScript** – Widely used in enterprise and big‑data ecosystems.  
  - **Julia** – High‑performance numeric computing.  
  - **Lisp** – Historically important in AI; limited modern support.  

- **Future Directions**  
  Hybrid AI blends ML with symbolic, rule‑based systems, addressing “black‑box” issues and enabling better explainability.  

- **Impact**  
  ML drives advancements across healthcare, finance, transport, and more, enabling data‑driven decisions, automation, and improved customer experiences."
3,2025-11-03 17:05:59,"In Greenwich Village, two young artists, Sue and Johnsy, share a studio. Johnsy falls ill with pneumonia and, believing she will die when the last leaf falls from the ivy outside, watches the leaf disappear. When the leaf finally remains, she realizes she was wrong to wish death. The doctor announces she will recover, but the old artist Behrman, who lives downstairs, dies from pneumonia. Beckrimere’s last painted leaf—his masterpiece—remains on the wall, symbolizing his sacrifice to keep Johnsy alive."
4,2025-11-03 17:01:34,"In a quirky area west of Washington Square, two young artists, Sue and Johnsy, shared a studio in an old building. Their life took a turn when Johnsy fell ill with pneumonia, declaring that she would die when the last ivy leaf outside her window fell. As the leaves dwindled, only one remained, and despite a storm that night, it survived. Inspired by its resilience, Johnsy found renewed hope. Later, the doctor confirmed her recovery. However, they discovered that old Behrman, a fellow artist, had died from pneumonia after painting the last leaf to give Johnsy hope. His final act created a lasting impact on her will to live."
5,2025-11-03 17:01:19,"**Title:** A Review on Machine Learning  
**Author:** Shaveta, Assistant Professor, DCSA, Guru Nanak College, Punjab, India  
**Source:** International Journal of Science and Research Archive, 2023, 09(01), 281–285  
**DOI:** [10.30574/ijsra.2023.9.1.0410](https://doi.org/10.30574/ijsra.2023.9.1.0410)  
**Publication Dates:** Received April 18, 2023; Revised May 26, 2023; Accepted May 28, 2023  

### Abstract
Machine learning (ML) is a subset of artificial intelligence (AI) focused on enabling machines to learn from data rather than through explicit programming. This paper outlines various machine learning approaches—supervised, unsupervised, and reinforcement learning—and discusses the programming languages commonly used in the field.

### Key Points
1. **Definition and Importance of Machine Learning**:
   - ML empowers computers to learn autonomously from historical data, enhancing predictive modeling capabilities without pre-set equations.
   - It underpins many applications, including recommendation systems and speech recognition.

2. **Types of Machine Learning**:
   - **Supervised Learning**: Involves training models with labeled data to predict outcomes (e.g., spam detection). It further includes:
     - **Classification**: Deals with categorical outcomes (e.g., Yes/No).
     - **Regression**: Handles continuous outcomes (e.g., price predictions).
   - **Unsupervised Learning**: The machine learns from unlabeled data to find hidden patterns (e.g., market basket analysis).
     - Includes techniques like clustering and association rules.
   - **Reinforcement Learning**: Agents learn by receiving rewards or penalties from actions (e.g., robotics).

3. **Common Programming Languages**:
   - **Python**: Popular for its simplicity and extensive libraries for data science and ML.
   - **R**: Specialized in statistical analysis and visualization, though steeper learning curve compared to Python.
   - **Java/JavaScript**: Useful for integrating ML with existing systems, especially in big data.
   - **Julia**: High-performance language suitable for computational tasks.
   - **Lisp**: Flexible but less common for beginners; used in early AI projects.

4. **Future Directions**:
   - ML remains critical for advancing"
6,2025-11-03 17:00:02,"**Summary of ""A Review on Machine Learning"" by Shaveta**

**Publication Details:**
- Source: International Journal of Science and Research Archive, Vol. 09, Issue 01, 2023
- DOI: [10.30574/ijsra.2023.9.1.0410](https://doi.org/10.30574/ijsra.2023.9.1.0410)

**Abstract:**
Machine learning (ML) is a subset of artificial intelligence (AI) focused on enabling machines to learn from data rather than relying on predefined algorithms. As data availability increases, ML algorithms become more effective. The paper discusses various ML approaches, including supervised, unsupervised, and reinforcement learning, along with the programming languages commonly used in ML.

---

**1. Introduction:**
- ML enables computers to learn autonomously from historical data for tasks like recommendation systems, email filtering, and image recognition.
- Modern ML relies on advances in computing technology that allow for greater data analysis and iterative learning.

**2. Machine Learning Categories:**
- **Supervised Learning:** Involves training with labeled data to predict outcomes. Includes:
  - **Classification:** Categorical output (e.g., spam detection).
  - **Regression:** Continuous output (e.g., market trends).

- **Unsupervised Learning:** The system identifies patterns in unlabeled data without specific guidance, encompassing:
  - **Clustering:** Groups data by similarities.
  - **Association:** Finds relationships in data (e.g., Market Basket Analysis).

- **Reinforcement Learning:** The agent learns to make decisions based on feedback from actions taken, optimizing for rewards while navigating its environment.

**3. Programming Languages for Machine Learning:**
- **Python:** Known for ease of use and versatility, widely adopted in data science.
- **R:** Focused on statistical analysis, powerful for advanced statistics but harder to learn than Python.
- **Java:** Beneficial for integrating ML into existing systems, especially large organizational codebases.
- **Julia:** High-performance language suited for numerical analysis.
- **LISP:** Flexible but less popular; traditionally used in AI development.

**4. Future Scope:**
- ML will be crucial for AI evolution, notably addressing limitations through hybrid approaches combining ML with symbolic reasoning for better understanding of data.

**5. Conclusion:**
- ML is transforming industries by providing insights through data analysis, optimizing operations, and enabling data-driven decisions,"
7,2025-11-03 16:54:40,"The article ""A Review on Machine Learning"" by Shaveta provides an overview of machine learning (ML), a subset of artificial intelligence that enables machines to learn from data without being explicitly programmed. It discusses various ML approaches, including supervised, unsupervised, and reinforcement learning, and outlines algorithms used in each category. The paper emphasizes the importance of ML in diverse applications such as recommendation systems and fraud detection, noting its efficiency in handling complex tasks that exceed human capability. Key programming languages for ML development, such as Python, R, Java, Julia, and Lisp, are examined for their roles in the field. The review concludes by highlighting the continued relevance of ML in advancing technologies across multiple industries and suggests potential future developments in hybrid AI."
8,2025-11-03 16:54:20,"The review article by Shaveta discusses the fundamentals and applications of machine learning (ML), a subset of artificial intelligence (AI) that enables machines to learn from data without explicit programming. ML algorithms improve their performance by learning from historical data, and they are categorized into three primary types: supervised learning, unsupervised learning, and reinforcement learning. 

Supervised learning uses labeled data to predict outcomes, while unsupervised learning works with unlabeled data to identify patterns. Reinforcement learning involves learning through rewards and penalties. The paper also highlights key programming languages used for ML, including Python for its simplicity and flexibility, R for statistical analysis, Java for integration with existing systems, Julia for high-performance tasks, and LISP for AI projects.

The review emphasizes the growing importance of ML in various sectors, including healthcare, finance, and transportation, while acknowledging the need for advancements to address existing limitations in the field. Hybrid AI approaches combining ML and symbolic AI are suggested as future trends to enhance ML capabilities. Overall, machine learning is seen as a transformative technology that aids data-driven decision-making and operational efficiency."
9,2025-11-03 16:53:33,"The article ""A Review on Machine Learning"" by Shaveta discusses the fundamentals and various approaches of machine learning, emphasizing its role as a branch of artificial intelligence (AI) that enables machines to learn from data without explicit programming. Machine learning is categorized into three primary types: supervised learning, unsupervised learning, and reinforcement learning. 

**Supervised learning** uses labeled datasets to make predictions, with applications like spam detection. It is further divided into classification and regression methods. **Unsupervised learning** analyzes unlabeled data to find patterns, including techniques like clustering and association. **Reinforcement learning** relies on rewards and penalties to guide an agent toward better performance in dynamic environments.

The paper also identifies popular programming languages for machine learning, such as Python, R, Java, Julia, and Lisp, highlighting their strengths and applications. Looking forward, it suggests integrating machine learning with symbolic AI for enhanced functionality.

In conclusion, machine learning significantly impacts various industries by driving data-driven decisions, automating processes, and optimizing operations, indicating its growing importance in technology."
10,2025-11-03 16:46:50,"The article ""A Review on Machine Learning"" by Shaveta provides an overview of machine learning, a branch of artificial intelligence focused on enabling computers to learn from data without explicit programming. It discusses various machine learning approaches: 

1. **Supervised Learning**: Uses labeled data to train models for predictions (classification and regression).
2. **Unsupervised Learning**: Involves unlabeled data, focusing on discovering hidden patterns (clustering and association).
3. **Reinforcement Learning**: Involves learning through feedback, where agents receive rewards for correct actions.

The paper also explores popular programming languages for machine learning, including Python, R, Java, Julia, and Lisp, highlighting their unique features and applications. It underscores the growing importance of machine learning in diverse fields like healthcare and finance, emphasizing its ability to analyze large data sets and automate tasks for improving efficiency. Finally, it suggests a future trend toward hybrid AI that combines machine learning with symbolic AI for better understanding and processing of data."
